id,contract_type,created,title,appellationlibelle
155JHZQ,CDI,2023-05-30T10:48:00.000Z,Technicien / Technicienne informatique         (H/F),Technicien / Technicienne de maintenance en informatique
155GXGP,CDD,2023-05-26T16:16:17.000Z,Apprenti(e) agent(e) de maintenance en restauration (H/F),Technicien(ne) de maintenance en appareils électroménagers
155DCXL,CDI,2023-05-25T10:31:45.000Z,Technicien SAV Electromenager 69 (H/F),Technicien(ne) dépanneur(se) gros électroménagers
155CKTY,CDI,2023-05-24T16:54:55.000Z,Technicien en sytème d'impression H/F (H/F),Agent(e) maintenance systèmes impression et reprographie
154SSGH,CDI,2023-05-17T14:42:09.000Z,Vendeur réparateur (H/F),"Réparateur(trice) en smartphone, téléphonie mobile, tablette"
154HXYM,CDI,2023-05-11T15:29:55.000Z,Technicien systèmes et réseaux (H/F),Technicien / Technicienne en micro-informatique et réseaux
153ZBDX,CDI,2023-05-05T11:19:52.000Z,Technicien réseaux (H/F),Technicien / Technicienne en micro-informatique et réseaux
153TFPH,CDD,2023-05-02T15:30:09.000Z,Assistant / Assistante aux utilisateurs en informatique,Assistant / Assistante aux utilisateurs en informatique
5960451,MIS,2023-05-30T21:44:14.000Z,Technicien(ne) maintenance matériels domestiques électro (H/F),Technicien(ne) maintenance matériels domestiques électro
5947677,CDI,2023-05-30T14:09:24.000Z,Technicien SAV H/F,Technicien/Technicienne Service Après-Vente en informatique
5928329,CDI,2023-05-30T09:40:47.000Z,Technicien / Technicienne de maintenance en matériels domestiques électroniques (H/F),Technicien(ne) maintenance matériels domestiques électro
5921072,CDI,2023-05-30T07:49:40.000Z,Technicien / Technicienne de maintenance en informatique (H/F),Technicien / Technicienne de maintenance en informatique
5826888,CDI,2023-05-27T16:11:25.000Z,Technicien SAV (H/F),Technicien/Technicienne Service Après-Vente en informatique
5801558,CDI,2023-05-27T09:35:30.000Z,Technicien de maintenance informatique (H/F),Technicien / Technicienne de maintenance en informatique
5794420,MIS,2023-05-27T08:16:43.000Z,Support technique hot line en informatique (H/F),Support technique hot line en informatique
5794151,MIS,2023-05-27T08:15:24.000Z,Technicien / Technicienne de hot line en informatique (H/F),Technicien / Technicienne de hot line en informatique
5793630,MIS,2023-05-27T08:12:47.000Z,Technicien / Technicienne de hot line en informatique (H/F),Technicien / Technicienne de hot line en informatique
5792367,CDI,2023-05-27T08:07:22.000Z,Oodrive - Support technique hot line en informatique (H/F),Support technique hot line en informatique
5791403,MIS,2023-05-27T08:03:16.000Z,Technicien / Technicienne de hot line en informatique (H/F),Technicien / Technicienne de hot line en informatique
5755567,CDI,2023-05-26T18:59:20.000Z,Technicien de réseau H/F,Agent / Agente de maintenance de machines de bureau
5720870,MIS,2023-05-26T11:05:13.000Z,Assistant Planification Commandes sur SAP (H/F),Assistant / Assistante aux utilisateurs en informatique
5713102,MIS,2023-05-26T09:18:09.000Z,Technicien SAV IDF (H/F),Technicien/Technicienne Service Après-Vente en informatique
5701182,CDD,2023-05-26T05:50:44.000Z,Technicien / Technicienne de Service Après Vente -SAV- en informatique (H/F),Technicien/Technicienne Service Après-Vente en informatique
5647603,CDI,2023-05-25T09:53:21.000Z,Technicien / Technicienne de maintenance en matériels domestiques électroniques (H/F),Technicien(ne) maintenance matériels domestiques électro
5638985,CDI,2023-05-25T07:59:57.000Z,TECHNICIEN SAV (H/F),Technicien/Technicienne Service Après-Vente en informatique
5563942,CDI,2023-05-24T07:55:11.000Z,Technicien / Technicienne support en bureautique h/f,Technicien / Technicienne support en bureautique
5563912,CDI,2023-05-24T07:55:02.000Z,Schiever - Technicien déploiement informatique  - H/F,Assistant / Assistante sur site informatique
5562373,CDI,2023-05-24T07:47:02.000Z,Technicien / Technicienne support en bureautique h/f,Technicien / Technicienne support en bureautique
5560636,CDI,2023-05-24T07:07:23.000Z,DCS GROUP - Technicien / Technicienne support en bureautique (H/F),Technicien / Technicienne support en bureautique
5557731,CDI,2023-05-24T05:55:46.000Z,Technicien / Technicienne de hot line en informatique (H/F),Technicien / Technicienne de hot line en informatique
5557480,CDI,2023-05-24T05:54:16.000Z,TECHNICIEN DATACENTER - H/F,Support aux utilisateurs en informatique
5557306,CDI,2023-05-24T05:53:34.000Z,ADMINISTRATEUR FONCTIONNEL SALESFORCE (FLEX/REMOTE) - H/F,Support aux utilisateurs en informatique
5556712,CDI,2023-05-24T05:51:06.000Z,TECHNICIEN DATACENTER (H/F) - H/F,Support aux utilisateurs en informatique
5556668,CDI,2023-05-24T05:50:54.000Z,ADJOINT(E) WORKPLACE - SERVICES GÉNÉRAUX  (CDD 6 MOIS) - H/F,Support aux utilisateurs en informatique
5556507,CDI,2023-05-24T05:50:15.000Z,RESPONSABLE DE SITE (H/F) - H/F,Support aux utilisateurs en informatique
5507204,CDI,2023-05-23T13:48:40.000Z,Technicien / Technicienne de maintenance en matériels domestiques électroniques (H/F),Technicien(ne) maintenance matériels domestiques électro
5495025,CDI,2023-05-23T11:53:50.000Z,TECHNICIEN SAV ELECTRONIQUE ET INFORMATIQUE INDUSTRIELLE (H/F),Technicien/Technicienne Service Après-Vente en informatique
5494233,CDI,2023-05-23T11:49:34.000Z,TECHNICIEN SAV ELECTRONIQUE ET INFORMATIQUE INDUSTRIELLE (H/F),Technicien/Technicienne Service Après-Vente en informatique
5489048,CDI,2023-05-23T11:21:53.000Z,TECHNICIEN SAV (H/F),Technicien/Technicienne Service Après-Vente en informatique
5486370,MIS,2023-05-23T10:24:40.000Z,Technicien / Technicienne de hot line en informatique (H/F),Technicien / Technicienne de hot line en informatique
5486153,MIS,2023-05-23T10:23:15.000Z,Technicien / Technicienne de maintenance en informatique (H/F),Technicien / Technicienne de maintenance en informatique
5485625,MIS,2023-05-23T10:19:40.000Z,Technicien / Technicienne de maintenance en informatique (H/F),Technicien / Technicienne de maintenance en informatique
5353135,CDI,2023-05-21T06:59:54.000Z,Technicien de réseau H/F,Agent / Agente de maintenance de machines de bureau
5277322,CDI,2023-05-20T11:32:46.000Z,Technicien / Technicienne de maintenance en matériels domestiques électroniques (H/F),Technicien(ne) maintenance matériels domestiques électro
5267287,DIN,2023-05-20T09:51:18.000Z,Support technique hot line en informatique (H/F),Support technique hot line en informatique
5254590,CDI,2023-05-20T04:34:08.000Z,Support technique hot line en informatique (H/F),Support technique hot line en informatique
5090035,CDI,2023-05-17T04:01:55.000Z,Technicien / Technicienne de help desk en informatique h/f,Technicien / Technicienne de help desk en informatique
5082718,CDI,2023-05-16T21:59:34.000Z,TECHNICIEN SUPPORT INFORMATIQUE ET APPLICATIF - H/F,Technicien(ne) support de proximité en informatique
5081862,CDI,2023-05-16T21:54:28.000Z,TECHNICIEN SUPPORT INFORMATIQUE ET APPLICATIF - H/F,Technicien(ne) support de proximité en informatique
5023186,MIS,2023-05-16T05:49:43.000Z,TECHNICIEN HELP DESK (H/F),Technicien / Technicienne de help desk en informatique
5014899,CDD,2023-05-16T04:43:02.000Z,H/F Alternant Méthodes Industrielles,Technicien / Technicienne de help desk en informatique
5011611,CDI,2023-05-16T02:50:56.000Z,DCS GROUP - Technicien / Technicienne support en bureautique (H/F),Technicien / Technicienne support en bureautique
4962314,CDI,2023-05-14T20:52:14.000Z,Technicien(ne) Informatique de Proximité h/f,Technicien(ne) support de proximité en informatique
4918230,CDI,2023-05-14T11:03:42.000Z,Technicien / Technicienne de maintenance en matériels domestiques électroniques (H/F),Technicien(ne) maintenance matériels domestiques électro
4909943,CDI,2023-05-14T09:07:33.000Z,Technicien / Technicienne de maintenance en matériels domestiques électroniques (H/F),Technicien(ne) maintenance matériels domestiques électro
4846276,CDI,2023-05-13T15:54:52.000Z,Team Leader Informatique (F/H) (H/F),Chef d'équipe de help desk en informatique
4712052,CDI,2023-05-12T05:12:11.000Z,Technicien(ne) helpdesk informatique F/H - Réseau Le Saint (H/F),Technicien / Technicienne de maintenance en informatique
4681928,MIS,2023-05-11T11:49:09.000Z,Technicien / Technicienne de maintenance en matériels domestiques électroniques (H/F),Technicien(ne) maintenance matériels domestiques électro
4540844,CDD,2023-05-09T09:03:46.000Z,Technicien / Technicienne de hot line en informatique (H/F),Technicien / Technicienne de hot line en informatique
4417727,CDI,2023-05-06T13:45:41.000Z,Technicien / Technicienne de maintenance en matériels domestiques électroniques (H/F),Technicien(ne) maintenance matériels domestiques électro
4406875,CDI,2023-05-06T10:55:31.000Z,Technicien / Technicienne de maintenance en matériels domestiques électroniques (H/F),Technicien(ne) maintenance matériels domestiques électro
4134990,CDI,2023-05-02T10:01:56.000Z,Technicien Support Applicatif H/F,Technicien / Technicienne de hot line en informatique
